"time","depth","mag","place"
"2024-01-01T07:06:05.477Z",10,5.8,"42 km NE of Anamizu, Japan"
"2024-01-01T07:10:09.476Z",10,7.5,"2024 Noto Peninsula, Japan Earthquake"
"2024-01-01T07:18:41.584Z",10,6.2,"8 km SW of Anamizu, Japan"
"2024-01-01T07:39:49.268Z",10,5.2,"56 km ENE of Anamizu, Japan"
"2024-01-01T07:52:43.251Z",81.212,5.3,"94 km SE of Gorontalo, Indonesia"
"2024-01-01T07:56:47.661Z",10,5.6,"7 km N of Anamizu, Japan"
"2024-01-01T08:02:44.840Z",10,5,"56 km NE of Anamizu, Japan"
"2024-01-01T08:07:10.627Z",10,5.1,"26 km WSW of Anamizu, Japan"
"2024-01-01T09:03:48.859Z",10,5.5,"56 km NE of Anamizu, Japan"
"2024-01-01T09:08:17.603Z",10,5.6,"54 km NE of Anamizu, Japan"
"2024-01-01T09:30:21.401Z",10,5.2,"50 km NE of Anamizu, Japan"
"2024-01-01T09:39:59.811Z",10,5,"23 km WSW of Anamizu, Japan"
"2024-01-01T09:45:26.217Z",10,5.1,"73 km WSW of Sado, Japan"
"2024-01-02T01:17:31.568Z",6,5.4,"11 km W of Anamizu, Japan"
"2024-01-02T19:59:31.888Z",47.706,5,"27 km WSW of Calongbuyan, Philippines"
"2024-01-02T22:57:00.970Z",188.635,5,"97 km W of El Aguilar, Argentina"
"2024-01-03T01:11:31.461Z",76.597,5,"22 km E of Hinatuan, Philippines"
"2024-01-03T01:43:15.915Z",61.922,5.2,"36 km SSE of Madang, Papua New Guinea"
"2024-01-03T01:54:34.243Z",10,5.3,"12 km N of Anamizu, Japan"
"2024-01-03T08:04:04.468Z",117,5.5,"68 km WNW of Vinchina, Argentina"
"2024-01-03T18:07:13.613Z",10,5.1,"south of Africa"
"2024-01-03T21:12:54.145Z",10,5,"Maug Islands region, Northern Mariana Islands"
"2024-01-04T00:43:16.914Z",137.491,5,"Banda Sea"
"2024-01-04T04:56:37.532Z",197,5.7,"125 km W of Houma, Tonga"
"2024-01-05T03:16:52.349Z",10,5.1,"western Indian-Antarctic Ridge"
"2024-01-05T20:26:51.093Z",10,5.1,"6 km W of Anamizu, Japan"
"2024-01-06T11:46:31.666Z",10,5.6,"Carlsberg Ridge"
"2024-01-06T12:33:02.528Z",10,5.5,"southern East Pacific Rise"
"2024-01-07T06:58:16.209Z",10,5,"211 km SW of Merizo Village, Guam"
"2024-01-07T08:35:32.422Z",142.52,5.3,"84 km WSW of Curahuara de Carangas, Bolivia"
"2024-01-07T18:06:11.273Z",10,5.6,"Balleny Islands region"
"2024-01-07T20:00:07.311Z",10,5.5,"Balleny Islands region"
"2024-01-07T21:41:05.926Z",10,5.1,"77 km ESE of Fangale’ounga, Tonga"
"2024-01-08T07:39:50.400Z",10,5,"Maug Islands region, Northern Mariana Islands"
"2024-01-08T09:51:30.178Z",17.148,5.2,"29 km SSE of Tuapejat, Indonesia"
"2024-01-08T20:48:42.361Z",62.574,6.7,"93 km SE of Sarangani, Philippines"
"2024-01-09T02:54:57.043Z",199.672,5.2,"32 km WSW of Sola, Vanuatu"
"2024-01-09T04:45:06.777Z",10,5.1,"148 km WSW of Teluk Dalam, Indonesia"
"2024-01-09T07:53:21.240Z",10,5.6,"134 km SE of Pangai, Tonga"
"2024-01-09T08:59:10.141Z",10,5.9,"53 km WSW of Sado, Japan"
"2024-01-09T16:47:25.900Z",175.245,5.4,"128 km SE of Ollagüe, Chile"
"2024-01-10T02:29:02.702Z",10,5,"southern Mid-Atlantic Ridge"
"2024-01-10T22:44:39.195Z",10,5,"Mariana Islands region"
"2024-01-10T23:54:46.124Z",120.742,5,"32 km ENE of Moyobamba, Peru"
"2024-01-11T04:54:31.447Z",10,5.2,"South Pacific Ocean"
"2024-01-11T09:20:26.337Z",204,6.4,"45 km SSW of Jurm, Afghanistan"
"2024-01-12T02:05:04.693Z",44.076,5,"121 km ESE of Sarangani, Philippines"
"2024-01-12T03:07:39.718Z",10,5,"Pagan region, Northern Mariana Islands"
"2024-01-12T03:51:05.886Z",28.748,5,"81 km WSW of Palaióchora, Greece"
"2024-01-12T07:46:21.171Z",11.1,5.9,"69 km WNW of Port Alexander, Alaska"
"2024-01-12T13:00:48.614Z",65.305,5.3,"35 km SW of Quilca, Peru"
"2024-01-12T22:32:14.165Z",10,5.4,"162 km SSW of ‘Ohonua, Tonga"
"2024-01-13T09:08:21.345Z",49.052,5.2,"153 km E of Kokopo, Papua New Guinea"
"2024-01-14T01:08:13.509Z",122.296,5.1,"25 km WNW of Ollagüe, Chile"
"2024-01-15T00:50:53.163Z",10,5,"175 km S of ‘Ohonua, Tonga"
"2024-01-15T05:17:38.249Z",99.92,5,"9 km NE of San Pedro de Atacama, Chile"
"2024-01-15T12:52:26.490Z",10,5.2,"62 km NW of Kurumkan, Russia"
"2024-01-15T14:04:35.409Z",88.75,5,"120 km SSE of Sarangani, Philippines"
"2024-01-15T16:43:07.427Z",150.788,5.1,"106 km NNW of Isangel, Vanuatu"
"2024-01-15T17:30:26.555Z",10,5.1,"Bouvet Island region"
"2024-01-15T21:56:59.176Z",32.759,5.2,"Kermadec Islands, New Zealand"
"2024-01-17T12:32:01.191Z",39,5.6,"29 km NE of Hinatuan, Philippines"
"2024-01-17T13:00:49.087Z",146.317,5,"219 km N of Saipan, Northern Mariana Islands"
"2024-01-17T21:34:10.671Z",10,5,"southeast central Pacific Ocean"
"2024-01-17T22:10:52.085Z",10,5,"175 km S of ‘Ohonua, Tonga"
"2024-01-18T04:50:01.458Z",155,5.8,"116 km WSW of Houma, Tonga"
"2024-01-18T05:12:15.019Z",56.894,5.3,"South Sandwich Islands region"
"2024-01-18T12:46:11.570Z",8,5.6,"South Sandwich Islands region"
"2024-01-18T16:13:35.293Z",10,5,"124 km NE of Hihifo, Tonga"
"2024-01-18T22:12:21.755Z",209,6.4,"148 km NW of Fangale’ounga, Tonga"
"2024-01-19T04:57:13.544Z",32,5.5,"80 km WNW of Sola, Vanuatu"
"2024-01-19T09:40:59.707Z",114.76,5.1,"144 km NNW of Antofagasta de la Sierra, Argentina"
"2024-01-19T11:26:03.598Z",65.067,5.6,"7 km E of Cartago, Colombia"
"2024-01-19T21:34:35.071Z",10.5,5.3,"4 km SW of Salcha, Alaska"
"2024-01-20T01:36:11.203Z",10,5,"287 km SSE of Port Blair, India"
"2024-01-20T04:54:04.253Z",35,5,"South Sandwich Islands region"
"2024-01-20T05:20:14.543Z",10,5.3,"southeast of the Loyalty Islands"
"2024-01-20T15:48:40.121Z",184,6.1,"Pagan region, Northern Mariana Islands"
"2024-01-20T21:31:05.092Z",607,6.6,"123 km NW of Tarauacá, Brazil"
"2024-01-20T22:09:39.708Z",10,6.2,"Southwest Indian Ridge"
"2024-01-21T02:36:01.362Z",202.477,5.3,"100 km W of El Aguilar, Argentina"
"2024-01-21T17:19:48.289Z",154.112,5,"6 km WNW of Cepitá, Colombia"
"2024-01-22T14:20:31.728Z",211.776,5.3,"198 km WSW of Houma, Tonga"
"2024-01-22T17:27:25.350Z",10,5.4,"Carlsberg Ridge"
"2024-01-22T18:09:04.340Z",13,7,"128 km WNW of Aykol, China"
"2024-01-22T18:14:16.160Z",10,5.8,"129 km SSE of Kyzyl-Suu, Kyrgyzstan"
"2024-01-22T18:17:07.591Z",10,5.3,"131 km SSE of Kyzyl-Suu, Kyrgyzstan"
"2024-01-22T18:32:41.383Z",10,5,"137 km W of Aykol, China"
"2024-01-22T18:42:33.209Z",10,5.4,"124 km WNW of Aykol, China"
"2024-01-22T19:36:47.834Z",10,5.5,"128 km WNW of Aykol, China"
"2024-01-22T21:43:05.717Z",10,5.2,"122 km WNW of Aykol, China"
"2024-01-22T22:30:11.367Z",10,5.4,"84 km WSW of Coquimbo, Chile"
"2024-01-22T23:19:25.792Z",7.148,5.1,"121 km WNW of Aykol, China"
"2024-01-23T01:18:40.538Z",3.426,5.3,"119 km WNW of Aykol, China"
"2024-01-23T04:02:41.437Z",10,5.4,"southeast of Easter Island"
"2024-01-23T14:33:45.022Z",31,6.3,"39 km SW of Port-Vila, Vanuatu"
"2024-01-23T15:22:26.387Z",144.706,5,"Volcano Islands, Japan region"
"2024-01-23T15:26:29.426Z",10.435,5.1,"25 km SSW of Port-Vila, Vanuatu"
"2024-01-23T20:38:13.026Z",10,5.2,"131 km W of Aykol, China"
"2024-01-23T21:33:49.499Z",33.702,5.1,"66 km SSE of Akkeshi, Japan"
"2024-01-24T01:29:46.480Z",136.091,5.3,"299 km WSW of Tual, Indonesia"
"2024-01-24T01:48:31.029Z",10,5,"31 km ENE of Loreto, Mexico"
"2024-01-24T06:27:18.261Z",10,5,"170 km S of ‘Ohonua, Tonga"
"2024-01-24T08:05:10.409Z",113.11,5.3,"41 km NE of Calama, Chile"
"2024-01-24T10:28:58.754Z",45.386,5.1,"south of the Kermadec Islands"
"2024-01-24T13:49:23.071Z",22.147,5,"201 km S of Banjar, Indonesia"
"2024-01-24T14:18:37.018Z",10,5.1,"25 km ESE of Dannevirke, New Zealand"
"2024-01-24T14:39:19.224Z",67.683,5,"155 km S of Vanimo, Papua New Guinea"
"2024-01-24T22:21:48.970Z",7.536,5.1,"127 km W of Aykol, China"
"2024-01-25T12:24:12.531Z",21.643,5.6,"89 km NW of Ende, Indonesia"
"2024-01-25T13:04:06.941Z",16.204,5,"19 km WNW of Sincik, Turkey"
"2024-01-25T17:00:43.411Z",10,5.4,"27 km SSE of Obock, Djibouti"
"2024-01-25T18:25:12.409Z",21.238,5,"98 km ESE of Kimbe, Papua New Guinea"
"2024-01-25T18:58:12.789Z",121.034,5,"67 km SSW of Ollagüe, Chile"
"2024-01-25T20:01:27.370Z",10,5.3,"112 km WNW of Aykol, China"
"2024-01-25T23:01:02.114Z",10,5.5,"north of Ascension Island"
"2024-01-26T01:57:20.474Z",94.358,5.1,"91 km NNE of Lae, Papua New Guinea"
"2024-01-26T12:46:16.087Z",45.09,5.4,"Izu Islands, Japan region"
"2024-01-27T01:36:45.009Z",43.944,5.1,"292 km NE of Fais, Micronesia"
"2024-01-27T02:15:26.991Z",227.678,5.4,"138 km E of Madang, Papua New Guinea"
"2024-01-27T05:19:19.465Z",11.291,5.1,"4 km S of Özdere, Turkey"
"2024-01-27T05:52:48.419Z",90,6.1,"15 km W of Taxisco, Guatemala"
"2024-01-27T09:33:17.652Z",10,5.4,"south of Java, Indonesia"
"2024-01-27T16:13:56.297Z",10,5.4,"156 km NE of Neiafu, Tonga"
"2024-01-27T18:29:49.816Z",163.893,5,"102 km SSE of Sarangani, Philippines"
"2024-01-27T23:59:29.184Z",70.051,5.1,"11 km W of Ichihara, Japan"
"2024-01-28T09:38:56.538Z",621.081,6.5,"70 km W of Tarauacá, Brazil"
"2024-01-28T18:11:23.160Z",7.2,5.1,"48 km SW of Hualien City, Taiwan"
"2024-01-29T07:37:21.407Z",10,5.1,"116 km ENE of Barcelona, Philippines"
"2024-01-29T22:27:41.948Z",10,5.7,"128 km WNW of Aykol, China"
"2024-01-30T13:10:13.605Z",102.026,5.1,"South Sandwich Islands region"
"2024-01-30T18:05:27.752Z",41.461,5,"157 km NW of Ternate, Indonesia"
"2024-01-31T10:49:35.461Z",176,5.8,"264 km SW of Houma, Tonga"
