"sample_id","Species","PC1","PC2","PC3","PC4"
"iris_001","setosa",-2.25714117564812,-0.478423832124898,0.127279623706424,0.0240875084587282
"iris_002","setosa",-2.07401301519962,0.671882687027363,0.233825516725969,0.102662844680341
"iris_003","setosa",-2.35633511180618,0.340766424624572,-0.0440539001701702,0.0282823050822737
"iris_004","setosa",-2.2917067858697,0.595399862681547,-0.0909852971013877,-0.0657353400647871
"iris_005","setosa",-2.38186270441694,-0.644675659400536,-0.0156856472969156,-0.0358028703427423
"iris_006","setosa",-2.0687006084677,-1.48420529734216,-0.0268782497996209,0.00658611611677091
"iris_007","setosa",-2.43586844896314,-0.047485118061932,-0.334350296509765,-0.036652767009747
"iris_008","setosa",-2.22539188878055,-0.222403001919439,0.0883993518857495,-0.0245299186834582
"iris_009","setosa",-2.32684532934132,1.11160369953792,-0.144592465411112,-0.0267695403345378
"iris_010","setosa",-2.17703490524111,0.467447568511678,0.252918267547932,-0.0397660677030154
"iris_011","setosa",-2.15907699169141,-1.04020586652043,0.267784000872886,0.0166755026978707
"iris_012","setosa",-2.31836413068181,-0.132633998989617,-0.093446190938266,-0.133037724627115
"iris_013","setosa",-2.21104369651138,0.726243183014107,0.23014024594834,0.00241694116454601
"iris_014","setosa",-2.62430901614357,0.958296347155328,-0.180192423003719,-0.0191513746677895
"iris_015","setosa",-2.19139921180903,-1.85384655467596,0.471322025191648,0.194081578093822
"iris_016","setosa",-2.25466120656894,-2.6773152297366,-0.0304246837413447,0.0503650098742981
"iris_017","setosa",-2.20021676474337,-1.47865572874822,0.00532625064254644,0.188186988136267
"iris_018","setosa",-2.18303613482145,-0.487206130572489,0.0440676856273158,0.0927796180051314
"iris_019","setosa",-1.89223283955538,-1.40032756669724,0.373093376996301,0.0608919733106213
"iris_020","setosa",-2.33554476060373,-1.12408359716535,-0.132187625923036,-0.0376303544959797
"iris_021","setosa",-1.90793124870238,-0.407490576373022,0.419885937091613,0.0108848211843598
"iris_022","setosa",-2.19964383149332,-0.921035870798148,-0.159331501855541,0.0593983398825024
"iris_023","setosa",-2.76508142263295,-0.456813300649983,-0.331069982281696,0.0195828257991878
"iris_024","setosa",-1.81259715939387,-0.0852728542835437,-0.0343734415693194,0.150636352747474
"iris_025","setosa",-2.21972701347506,-0.136796175435072,-0.117599566269891,-0.269238378641737
"iris_026","setosa",-1.9453292965767,0.62352970519124,0.304620475361622,0.0434162026399839
"iris_027","setosa",-2.04430276805829,-0.241354990963106,-0.0860756493830093,0.0674540824044741
"iris_028","setosa",-2.16133649609412,-0.525389421812537,0.20612570745262,0.0102410844232458
"iris_029","setosa",-2.1324196468793,-0.31217200484926,0.270244894709765,0.0839778872601989
"iris_030","setosa",-2.25769799459943,0.336604248179117,-0.0682072755017958,-0.107918348932349
"iris_031","setosa",-2.13297646583061,0.502856075454755,0.0747579955015442,-0.0480279701308783
"iris_032","setosa",-1.82547924518686,-0.422280388971234,0.26956431115448,0.239069476286914
"iris_033","setosa",-2.6062168666232,-1.78758727225369,-0.0470707273478927,-0.228470534115631
"iris_034","setosa",-2.43800983169392,-2.14354679598505,0.0823920241071474,-0.0480534094882591
"iris_035","setosa",-2.10292986441444,0.458665270064087,0.169706329468823,0.0289260418433876
"iris_036","setosa",-2.20043722941984,0.205419224155598,0.224688851510582,0.168343904995322
"iris_037","setosa",-2.0383176527767,-0.659349230133026,0.482919584243914,0.195702902341169
"iris_038","setosa",-2.5188933857287,-0.590315163413792,-0.0193709180745439,-0.136048773858537
"iris_039","setosa",-2.42152025669397,0.901161066871614,-0.192609402447174,-0.00970590716174262
"iris_040","setosa",-2.16246624829547,-0.267981199458592,0.175296560742486,0.00702387528593324
"iris_041","setosa",-2.27884081437545,-0.440240540884851,-0.0347783981188789,0.106626042040614
"iris_042","setosa",-1.85191835739607,2.32961074458841,0.203552303356679,0.288896090178605
"iris_043","setosa",-2.54511203326144,0.477501017242031,-0.304745526740381,-0.0663790768259009
"iris_044","setosa",-1.95788857468867,-0.470749612673079,-0.30856758768783,0.176501716665201
"iris_045","setosa",-2.12992356350138,-1.13841546420688,-0.247604064444312,-0.150539116969073
"iris_046","setosa",-2.06283361485803,0.708678586118925,0.0637163697901229,0.139801160257352
"iris_047","setosa",-2.37677076236149,-1.11668869086624,-0.0570268129544698,-0.151722682047257
"iris_048","setosa",-2.38638171322235,0.38495723001524,-0.13900223413745,-0.0486717068919922
"iris_049","setosa",-2.2220026321765,-0.994627668981272,0.180886792016149,-0.0148782912715209
"iris_050","setosa",-2.19647503956574,-0.00918558495616272,0.152518539142895,0.0492068841534949
"iris_051","versicolor",1.0981024376141,-0.860091033195533,0.682300392827053,0.0347174687693981
"iris_052","versicolor",0.728895557392421,-0.592629362111235,0.093807451828608,0.00488725050920059
"iris_053","versicolor",1.23683580437725,-0.61423989358615,0.552157057816728,0.00939193316874083
"iris_054","versicolor",0.406122510582316,1.74854619671187,0.0230246331483338,0.0655492392049525
"iris_055","versicolor",1.07188379008136,0.207725147460292,0.396925784161217,0.104387165802034
"iris_056","versicolor",0.387389545478407,0.591302716817184,-0.123776885423919,-0.24002718704103
"iris_057","versicolor",0.744037147588112,-0.770438272131433,-0.148472007474925,-0.077111454755615
"iris_058","versicolor",-0.485695616574381,1.84624399751417,-0.248432992127572,-0.0403849120485666
"iris_059","versicolor",0.924803460629362,-0.0321184779984705,0.594178807029567,-0.0297798441534595
"iris_060","versicolor",0.0113880377498803,1.03056578377106,-0.537100054976857,-0.0283661544802611
"iris_061","versicolor",-0.109828344816525,2.64521111493721,0.0466342150944946,0.0137147852393928
"iris_062","versicolor",0.439222014327707,0.0630838516595683,-0.204389092830244,0.0399921043410233
"iris_063","versicolor",0.560231478811453,1.75883212917367,0.763214553815946,0.0455784652447795
"iris_064","versicolor",0.717159338099526,0.185602819101219,0.0684296995562324,-0.164256922458888
"iris_065","versicolor",-0.0332433349106729,0.437537418877911,-0.194282030432383,0.108684396201366
"iris_066","versicolor",0.872484287235819,-0.507364239317827,0.501830203735072,0.104593325707925
"iris_067","versicolor",0.349082210079203,0.195656267831573,-0.48923409473208,-0.190869931581774
"iris_068","versicolor",0.15827979549153,0.789451008029534,0.301028700258913,-0.204612264859273
"iris_069","versicolor",1.22100315925959,1.61682728111498,0.480693655581169,0.225145510891208
"iris_070","versicolor",0.164367253777666,1.2982599385868,0.172260718980622,-0.0515541375777465
"iris_071","versicolor",0.735219594653771,-0.395247446203697,-0.614467782024027,-0.0830060447131696
"iris_072","versicolor",0.474696912074161,0.415926887402997,0.264067575555737,0.113189078860906
"iris_073","versicolor",1.23005729116914,0.930209440537516,0.367182177555928,-0.00991132165513402
"iris_074","versicolor",0.63074514472991,0.414997440811193,0.290921637861053,-0.273304556719616
"iris_075","versicolor",0.700315062452437,0.0632000935252906,0.444537764647719,0.0433132219223797
"iris_076","versicolor",0.871354535034467,-0.249956016963883,0.471001057024938,0.101376116570612
"iris_077","versicolor",1.25231374884778,0.0769980689934534,0.724727098589452,0.0395560021540574
"iris_078","versicolor",1.35386953241308,-0.330205462736719,0.259955700981099,0.0666049311499693
"iris_079","versicolor",0.66258066030328,0.225173502489751,-0.0855771971585289,-0.0363181708721283
"iris_080","versicolor",-0.0401241911233282,1.05518358327439,0.318506304212031,0.0645718340326591
"iris_081","versicolor",0.130358462507396,1.55705555308923,0.149482697381031,-0.00937112871018469
"iris_082","versicolor",0.0233743826118036,1.56722524368531,0.240745760570681,-0.032663020251714
"iris_083","versicolor",0.240731799007044,0.774661195431322,0.15070707432178,0.0235723902432815
"iris_084","versicolor",1.05755171211093,0.631726900780832,-0.104959761607681,-0.183354199690811
"iris_085","versicolor",0.223230929109032,0.286812662909879,-0.663028512445553,-0.253977519520556
"iris_086","versicolor",0.427706259711286,-0.842758920031795,-0.449129445970655,-0.10930898548612
"iris_087","versicolor",1.04522644526925,-0.520308714210873,0.394464890324338,0.037084781239706
"iris_088","versicolor",1.04104379073867,1.37837104780471,0.685997803560061,0.136378718940588
"iris_089","versicolor",0.0693559721501817,0.218770433320695,-0.290605718131696,-0.146653278655083
"iris_090","versicolor",0.282530734014848,1.32488614708229,-0.0891114911448732,0.00887606954079431
"iris_091","versicolor",0.27814596118011,1.11628885212115,-0.0941721156545355,-0.269753496857184
"iris_092","versicolor",0.622484410746874,-0.0248398135650867,0.0204127625201708,-0.147193289286093
"iris_093","versicolor",0.335406726359696,0.985103828097629,0.198724011357842,0.00650875707048648
"iris_094","versicolor",-0.360974087805562,2.0124958247898,-0.105467721124232,0.0195054667529039
"iris_095","versicolor",0.287622676070301,0.852873115616583,-0.130452656802427,-0.107043742163721
"iris_096","versicolor",0.0910556108775106,0.180587142080648,-0.128547696306392,-0.229191812236969
"iris_097","versicolor",0.22695653998792,0.383634868447848,-0.155691572238897,-0.132163117858487
"iris_098","versicolor",0.574463781482266,0.154356488603597,0.270743346934245,-0.0197943660164033
"iris_099","versicolor",-0.446172300268023,1.53863745561893,-0.189765199308186,0.199278854619162
"iris_100","versicolor",0.255873389202736,0.596852285411124,-0.0915723849817516,-0.0584263150215336
"iris_101","virginica",1.83841002292412,-0.867515056090057,-1.00204407662394,-0.0490853029013493
"iris_102","virginica",1.15401555362078,0.696536400516365,-0.52838999355848,-0.0403854589903849
"iris_103","virginica",2.19790360928039,-0.56013397602006,0.202236658096736,0.0589865831692812
"iris_104","virginica",1.43534213399666,0.046830700896184,-0.163083761041604,-0.234982858378359
"iris_105","virginica",1.86157576812763,-0.294059697084248,-0.394307408012251,-0.0162438530957901
"iris_106","virginica",2.74268508518824,-0.797736708755221,0.580364826606627,-0.101045973017879
"iris_107","virginica",0.365792249755623,1.55628917778442,-0.983598122154436,-0.132679346114312
"iris_108","virginica",2.29475181232994,-0.418663019534743,0.649530451751971,-0.237246444718562
"iris_109","virginica",1.99998632720977,0.709063225701765,0.392675072750674,-0.0862217791822246
"iris_110","virginica",2.25223216150761,-1.91459630053529,-0.396224508463665,0.104488870322063
"iris_111","virginica",1.35962063642439,-0.690443404779253,-0.283661780373448,0.107500284181364
"iris_112","virginica",1.59732747466913,0.420292430984476,-0.0231089906391428,0.0581368688162162
"iris_113","virginica",1.87761053154946,-0.417849814808661,-0.0262504680313069,0.145926073280603
"iris_114","virginica",1.25590769146092,1.15837974138599,-0.578311891090576,0.0988262442556589
"iris_115","virginica",1.46274486947042,0.44079488346362,-1.00051774610063,0.274738503909552
"iris_116","virginica",1.58476819655716,-0.673986886879843,-0.636297053688594,0.191222382841433
"iris_117","virginica",1.46651848761418,-0.254768326848429,-0.0373062803641918,-0.154811637266781
"iris_118","virginica",2.41822769929905,-2.54812479540878,0.127454475100887,-0.272892966163591
"iris_119","virginica",3.29964147766837,-0.0177215803758479,0.700957032559936,0.0450377253580122
"iris_120","virginica",1.25954707363401,1.70104671545086,0.266643612314986,-0.0649631670719452
"iris_121","virginica",2.03091255525826,-0.907427443169549,-0.234015509847077,0.167390480668894
"iris_122","virginica",0.974715347055717,0.56985525662926,-0.825362161276582,0.0276629137949039
"iris_123","virginica",2.88797650048304,-0.412259950365686,0.854558972725138,-0.126911336935607
"iris_124","virginica",1.3287806370817,0.48020249556516,0.0054102390253956,0.139491837319917
"iris_125","virginica",1.69505530435101,-1.01053647601085,-0.297454113548937,-0.0614379111947736
"iris_126","virginica",1.9478013897869,-1.00441271999451,0.41858243178705,-0.217609339169569
"iris_127","virginica",1.17118006924396,0.315338060438008,-0.129503906867402,0.125001676523321
"iris_128","virginica",1.01754169126033,-0.0641311838009057,-0.336588365127889,-0.00862550511510291
"iris_129","virginica",1.7823787852455,0.186735632829049,-0.269754304275588,0.0309838490623215
"iris_130","virginica",1.85742500656318,-0.560413289172774,0.713244682459557,-0.207519952588469
"iris_131","virginica",2.4278203037876,-0.258418706409726,0.725386034897287,-0.0178635203609401
"iris_132","virginica",2.29723178140912,-2.61755441714645,0.491826144304203,-0.210968943302992
"iris_133","virginica",1.85648382607218,0.177953334381458,-0.352966242354697,0.0996759586087248
"iris_134","virginica",1.11042770445578,0.291944581796173,0.182875740895034,-0.185721512161119
"iris_135","virginica",1.19845835457099,0.808606364209227,0.164173760001167,-0.487849130006517
"iris_136","virginica",2.78942561198209,-0.853942542447132,0.541093784857857,0.294893130068689
"iris_137","virginica",1.57099293753804,-1.06501321386332,-0.942695700249272,0.0354868747396648
"iris_138","virginica",1.34179695884536,-0.421020154124067,-0.180271551367532,-0.214702016068251
"iris_139","virginica",0.921737011706324,-0.0171655941132677,-0.415434448874083,0.00522091892038001
"iris_140","virginica",1.84586124468189,-0.673870645014121,0.0126298037893687,0.19454350042279
"iris_141","virginica",2.00808316432958,-0.611835929575557,-0.426902678382514,0.246711805113468
"iris_142","virginica",1.89543420912849,-0.687273065463848,-0.129640697037223,0.468128373530218
"iris_143","virginica",1.15401555362078,0.696536400516365,-0.52838999355848,-0.0403854589903849
"iris_144","virginica",2.03374499291101,-0.864624029927365,-0.337014968924898,0.0450362506897546
"iris_145","virginica",1.99147546765771,-1.04566566980121,-0.630301865865371,0.213330526990839
"iris_146","virginica",1.86425785551097,-0.385674037719235,-0.255418177714635,0.38795715241864
"iris_147","virginica",1.55935649354476,0.893692854598667,0.0262833001289526,0.219456898525605
"iris_148","virginica",1.51609145206077,-0.268170747298156,-0.179576781190783,0.118773235840647
"iris_149","virginica",1.36820417808844,-1.0078779335796,-0.930278720805816,0.026041407233618
"iris_150","virginica",0.957448488427992,0.0242504269804303,-0.526485033062445,-0.162533529063633
